	EN	UK	RU	ES	IT	DE	KO	NL	FR	PT	ZH_TW	ZH	PL	CS
la_app_name	OpenTree	OpenTree	OpenTree	OpenTree	OpenTree	OpenTree	OpenTree	OpenTree	OpenTree	OpenTree	OpenTree	OpenTree	OpenTree	OpenTree
la_ready	Ready	Готово	Готово	Listo	Pronto	Bereit	준비	Klaar	Prêt	Pronto	準備就緒	准备就绪	Gotowe	Připraveno
la_working	Working...	Працюю...	Работаю...	Trabajando...	Lavorando...	Arbeite...	작업 중...	Werken...	En cours...	Trabalhando...	處理中...	处理中...	Pracuję...	Pracuji...
la_file	File	Файл	Файл	Archivo	File	Datei	파일	Bestand	Fichier	Arquivo	檔案	文件	Plik	Soubor
la_message	Message	Повідомлення	Сообщение	Mensaje	Messaggio	Nachricht	메시지	Bericht	Message	Mensagem	訊息	消息	Wiadomość	Zpráva
la_author	Author	Автор	Автор	Autor	Autore	Autor	작성자	Auteur	Auteur	Autor	作者	作者	Autor	Autor
la_date	Date	Дата	Дата	Fecha	Data	Datum	날짜	Datum	Date	Data	日期	日期	Data	Datum
la_hash	Hash	Хеш	Хеш	Hash	Hash	Hash	해시	Hash	Hash	Hash	雜湊	哈希	Hash	Hash
la_local_branches	Local Branches	Локальні гілки	Локальные ветки	Ramas locales	Rami locali	Lokale Branches	로컬 브랜치	Lokale branches	Branches locales	Branches locais	本機分支	本地分支	Lokalne gałęzie	Lokální větve
la_remote_branches	Remote Branches	Віддалені гілки	Удалённые ветки	Ramas remotas	Rami remoti	Remote Branches	원격 브랜치	Externe branches	Branches distantes	Branches remotas	遠端分支	远程分支	Zdalne gałęzie	Vzdálené větve
la_commit	Commit	Коміт	Коммит	Commit	Commit	Commit	커밋	Commit	Commit	Commit	提交	提交	Commit	Commit
la_push_immediately	Push immediately	Надіслати одразу	Отправить сразу	Enviar inmediatamente	Push immediato	Sofort pushen	즉시 푸시	Direct pushen	Pousser immédiatement	Enviar imediatamente	立即推送	立即推送	Wypchnij natychmiast	Odeslat ihned
la_push	Push	Надіслати	Отправить	Enviar	Push	Push	푸시	Push	Pousser	Enviar	推送	推送	Wypchnij	Odeslat
la_pull	Pull	Отримати	Получить	Obtener	Pull	Pull	풀	Pull	Tirer	Puxar	拉取	拉取	Pobierz	Stáhnout
la_fetch	Fetch	Завантажити	Загрузить	Obtener	Fetch	Fetch	가져오기	Fetch	Récupérer	Buscar	擷取	获取	Pobierz	Načíst
la_branch	Branch	Гілка	Ветка	Rama	Ramo	Branch	브랜치	Branch	Branche	Branch	分支	分支	Gałąź	Větev
la_merge	Merge	Об'єднати	Объединить	Fusionar	Merge	Merge	병합	Merge	Fusionner	Mesclar	合併	合并	Scal	Sloučit
la_stash	Stash	Сховати	Спрятать	Guardar	Stash	Stash	보관	Stash	Remiser	Guardar	暫存	暂存	Schowaj	Uložit
la_discard	Discard	Скасувати	Отменить	Descartar	Annulla	Verwerfen	취소	Negeren	Annuler	Descartar	捨棄	放弃	Odrzuć	Zahodit
la_refresh	Refresh	Оновити	Обновить	Actualizar	Aggiorna	Aktualisieren	새로고침	Vernieuwen	Actualiser	Atualizar	重新整理	刷新	Odśwież	Obnovit
la_settings	Settings	Налаштування	Настройки	Configuración	Impostazioni	Einstellungen	설정	Instellingen	Paramètres	Configurações	設定	设置	Ustawienia	Nastavení
la_cancel	Cancel	Скасувати	Отмена	Cancelar	Annulla	Abbrechen	취소	Annuleren	Annuler	Cancelar	取消	取消	Anuluj	Zrušit
la_apply	Apply	Застосувати	Применить	Aplicar	Applica	Anwenden	적용	Toepassen	Appliquer	Aplicar	套用	应用	Zastosuj	Použít
la_ok	OK	OK	OK	OK	OK	OK	확인	OK	OK	OK	確定	确定	OK	OK
la_close	Close	Закрити	Закрыть	Cerrar	Chiudi	Schließen	닫기	Sluiten	Fermer	Fechar	關閉	关闭	Zamknij	Zavřít
la_general	General	Загальне	Общие	General	Generale	Allgemein	일반	Algemeen	Général	Geral	一般	常规	Ogólne	Obecné
la_git	Git	Git	Git	Git	Git	Git	Git	Git	Git	Git	Git	Git	Git	Git
la_theme	Theme	Тема	Тема	Tema	Tema	Theme	테마	Thema	Thème	Tema	主題	主题	Motyw	Motiv
la_authentication	Authentication	Автентифікація	Аутентификация	Autenticación	Autenticazione	Authentifizierung	인증	Authenticatie	Authentification	Autenticação	驗證	认证	Uwierzytelnianie	Ověření
la_user_info	User Information	Інформація про користувача	Информация о пользователе	Información del usuario	Informazioni utente	Benutzerinformationen	사용자 정보	Gebruikersinformatie	Informations utilisateur	Informações do usuário	使用者資訊	用户信息	Informacje o użytkowniku	Informace o uživateli
la_full_name	Full Name	Повне ім'я	Полное имя	Nombre completo	Nome completo	Vollständiger Name	성명	Volledige naam	Nom complet	Nome completo	全名	全名	Pełne imię	Celé jméno
la_email	Email	Електронна пошта	Электронная почта	Correo electrónico	Email	E-Mail	이메일	E-mail	E-mail	Email	電子郵件	电子邮件	E-mail	E-mail
la_project_settings	Project Settings	Налаштування проєкту	Настройки проекта	Configuración del proyecto	Impostazioni progetto	Projekteinstellungen	프로젝트 설정	Projectinstellingen	Paramètres du projet	Configurações do projeto	專案設定	项目设置	Ustawienia projektu	Nastavení projektu
la_default_folder	Default folder	Типова папка	Папка по умолчанию	Carpeta predeterminada	Cartella predefinita	Standardordner	기본 폴더	Standaardmap	Dossier par défaut	Pasta padrão	預設資料夾	默认文件夹	Domyślny folder	Výchozí složka
la_behavior	Behavior	Поведінка	Поведение	Comportamiento	Comportamento	Verhalten	동작	Gedrag	Comportement	Comportamento	行為	行为	Zachowanie	Chování
la_auto_refresh	Auto-refresh when files change	Автооновлення при зміні файлів	Автообновление при изменении файлов	Actualizar automáticamente cuando cambien los archivos	Aggiornamento automatico quando i file cambiano	Automatisch aktualisieren bei Dateiänderungen	파일 변경 시 자동 새로고침	Automatisch vernieuwen bij bestandswijzigingen	Actualisation automatique lors des modifications	Atualização automática quando os arquivos mudam	檔案變更時自動重新整理	文件更改时自动刷新	Automatyczne odświeżanie przy zmianie plików	Automatická aktualizace při změně souborů
la_refresh_on_focus	Refresh on window focus	Оновлення при фокусі вікна	Обновление при фокусе окна	Actualizar al enfocar la ventana	Aggiorna al focus della finestra	Bei Fensterfokus aktualisieren	창 포커스 시 새로고침	Vernieuwen bij vensterfocus	Actualiser lors du focus	Atualizar ao focar janela	視窗取得焦點時重新整理	窗口获得焦点时刷新	Odśwież przy fokusie okna	Obnovit při zaměření okna
la_reopen_repos	Re-open repositories on startup	Відкривати репозиторії при запуску	Открывать репозитории при запуске	Reabrir repositorios al iniciar	Riapri repository all'avvio	Repositories beim Start erneut öffnen	시작 시 저장소 다시 열기	Repositories heropenen bij opstarten	Rouvrir les dépôts au démarrage	Reabrir repositórios na inicialização	啟動時重新開啟儲存庫	启动时重新打开仓库	Otwórz ponownie repozytoria przy uruchomieniu	Znovu otevřít repozitáře při spuštění
la_keep_backups	Keep backup files	Зберігати резервні копії	Сохранять резервные копии	Mantener archivos de respaldo	Mantieni file di backup	Sicherungsdateien behalten	백업 파일 유지	Back-upbestanden bewaren	Conserver les sauvegardes	Manter arquivos de backup	保留備份檔案	保留备份文件	Zachowaj pliki kopii zapasowych	Uchovávat zálohy
la_check_remotes	Check remotes every	Перевіряти віддалені репо кожні	Проверять удалённые репо каждые	Verificar remotos cada	Controlla remoti ogni	Remotes prüfen alle	원격 저장소 확인 간격	Controleer remotes elke	Vérifier les distants toutes les	Verificar remotos a cada	檢查遠端每隔	检查远程每隔	Sprawdzaj zdalne co	Kontrolovat vzdálené každých
la_minutes	minutes	хвилин	минут	minutos	minuti	Minuten	분	minuten	minutes	minutos	分鐘	分钟	minut	minut
la_global_ignore	Global Ignore	Глобальне ігнорування	Глобальное игнорирование	Ignorar global	Ignora globale	Globales Ignorieren	전역 무시	Globaal negeren	Ignorer globalement	Ignorar global	全域忽略	全局忽略	Globalne ignorowanie	Globální ignorování
la_push_settings	Push Settings	Налаштування відправки	Настройки отправки	Configuración de envío	Impostazioni push	Push-Einstellungen	푸시 설정	Push-instellingen	Paramètres de push	Configurações de push	推送設定	推送设置	Ustawienia wypychania	Nastavení odesílání
la_push_policy	Push policy	Політика відправки	Политика отправки	Política de envío	Politica push	Push-Richtlinie	푸시 정책	Push-beleid	Politique de push	Política de push	推送政策	推送策略	Polityka wypychania	Politika odesílání
la_options	Options	Опції	Опции	Opciones	Opzioni	Optionen	옵션	Opties	Options	Opções	選項	选项	Opcje	Možnosti
la_use_rebase	Use rebase instead of merge for pull	Використовувати rebase замість merge при pull	Использовать rebase вместо merge при pull	Usar rebase en lugar de merge para pull	Usa rebase invece di merge per pull	Rebase statt Merge für Pull verwenden	풀에 병합 대신 리베이스 사용	Gebruik rebase in plaats van merge voor pull	Utiliser rebase au lieu de merge pour pull	Usar rebase em vez de merge para pull	Pull 時使用 rebase 而非 merge	拉取时使用 rebase 而非 merge	Użyj rebase zamiast merge do pull	Použít rebase místo merge pro pull
la_push_tags	Push all tags with commits	Відправляти всі теги з комітами	Отправлять все теги с коммитами	Enviar todas las etiquetas con commits	Push tutti i tag con i commit	Alle Tags mit Commits pushen	커밋과 함께 모든 태그 푸시	Push alle tags met commits	Pousser tous les tags avec les commits	Enviar todas as tags com commits	提交時推送所有標籤	提交时推送所有标签	Wypchnij wszystkie tagi z commitami	Odeslat všechny tagy s commity
la_allow_force	Allow force push (with --force-with-lease)	Дозволити force push (з --force-with-lease)	Разрешить force push (с --force-with-lease)	Permitir force push (con --force-with-lease)	Consenti force push (con --force-with-lease)	Force Push erlauben (mit --force-with-lease)	강제 푸시 허용 (--force-with-lease)	Sta force push toe (met --force-with-lease)	Autoriser force push (avec --force-with-lease)	Permitir force push (com --force-with-lease)	允許強制推送 (使用 --force-with-lease)	允许强制推送 (使用 --force-with-lease)	Zezwól na force push (z --force-with-lease)	Povolit force push (s --force-with-lease)
la_git_executable	Git Executable	Виконуваний файл Git	Исполняемый файл Git	Ejecutable de Git	Eseguibile Git	Git-Programm	Git 실행 파일	Git-programma	Exécutable Git	Executável Git	Git 執行檔	Git 可执行文件	Plik wykonywalny Git	Spustitelný soubor Git
la_history	History	Історія	История	Historial	Cronologia	Verlauf	기록	Geschiedenis	Historique	Histórico	歷史	历史	Historia	Historie
la_log_rows	Log rows to fetch	Рядків логу для завантаження	Строк лога для загрузки	Filas de registro a obtener	Righe di log da recuperare	Log-Zeilen zum Abrufen	가져올 로그 행 수	Logregels om op te halen	Lignes de journal à récupérer	Linhas de log a buscar	要擷取的日誌行數	要获取的日志行数	Wierszy logu do pobrania	Řádků logu k načtení
la_show_ahead_behind	Show ahead/behind counts	Показувати лічильники попереди/позаду	Показывать счётчики впереди/позади	Mostrar conteos adelante/atrás	Mostra contatori avanti/indietro	Voraus/Zurück-Zähler anzeigen	앞/뒤 개수 표시	Toon voor/achter tellers	Afficher les compteurs avance/retard	Mostrar contagens à frente/atrás	顯示領先/落後計數	显示领先/落后计数	Pokaż liczniki przed/za	Zobrazit počty vpřed/vzad
la_commit_message	Commit Message	Повідомлення коміту	Сообщение коммита	Mensaje de commit	Messaggio di commit	Commit-Nachricht	커밋 메시지	Commit-bericht	Message de commit	Mensagem de commit	提交訊息	提交消息	Wiadomość commita	Zpráva commitu
la_show_column_guide	Show column guide at	Показати напрямну стовпця на	Показать направляющую столбца на	Mostrar guía de columna en	Mostra guida colonna a	Spaltenführung anzeigen bei	열 가이드 표시 위치	Toon kolomgids bij	Afficher le guide de colonne à	Mostrar guia de coluna em	顯示欄位指南於	显示列指南于	Pokaż linię kolumny na	Zobrazit vodítko sloupce na
la_characters	characters	символів	символов	caracteres	caratteri	Zeichen	문자	tekens	caractères	caracteres	字元	字符	znaków	znaků
la_fixed_width_font	Use fixed-width font for commit messages	Використовувати моноширинний шрифт для повідомлень	Использовать моноширинный шрифт для сообщений	Usar fuente de ancho fijo para mensajes	Usa font a larghezza fissa per i messaggi	Festbreitenschrift für Commit-Nachrichten verwenden	커밋 메시지에 고정폭 글꼴 사용	Gebruik lettertype met vaste breedte voor berichten	Utiliser police à largeur fixe pour les messages	Usar fonte de largura fixa para mensagens	提交訊息使用等寬字型	提交消息使用等宽字体	Użyj czcionki o stałej szerokości dla wiadomości	Použít neproporcionální písmo pro zprávy
la_after_commit	After Commit	Після коміту	После коммита	Después del commit	Dopo il commit	Nach dem Commit	커밋 후	Na commit	Après le commit	Após o commit	提交後	提交后	Po commicie	Po commitu
la_push_after_commit	Push immediately after commit	Відправити одразу після коміту	Отправить сразу после коммита	Enviar inmediatamente después del commit	Push immediato dopo il commit	Sofort nach Commit pushen	커밋 후 즉시 푸시	Direct pushen na commit	Pousser immédiatement après le commit	Enviar imediatamente após o commit	提交後立即推送	提交后立即推送	Wypchnij natychmiast po commicie	Odeslat ihned po commitu
la_light	Light	Світла	Светлая	Claro	Chiaro	Hell	라이트	Licht	Clair	Claro	淺色	浅色	Jasny	Světlý
la_dark	Dark	Темна	Тёмная	Oscuro	Scuro	Dunkel	다크	Donker	Sombre	Escuro	深色	深色	Ciemny	Tmavý
la_custom	Custom	Власна	Пользовательская	Personalizado	Personalizzato	Benutzerdefiniert	사용자 정의	Aangepast	Personnalisé	Personalizado	自訂	自定义	Niestandardowy	Vlastní
la_custom_colors	Custom Colors	Власні кольори	Пользовательские цвета	Colores personalizados	Colori personalizzati	Benutzerdefinierte Farben	사용자 정의 색상	Aangepaste kleuren	Couleurs personnalisées	Cores personalizadas	自訂顏色	自定义颜色	Niestandardowe kolory	Vlastní barvy
la_background	Background	Фон	Фон	Fondo	Sfondo	Hintergrund	배경	Achtergrond	Arrière-plan	Fundo	背景	背景	Tło	Pozadí
la_foreground	Foreground	Передній план	Передний план	Primer plano	Primo piano	Vordergrund	전경	Voorgrond	Premier plan	Primeiro plano	前景	前景	Pierwszy plan	Popředí
la_selection	Selection	Виділення	Выделение	Selección	Selezione	Auswahl	선택	Selectie	Sélection	Seleção	選取	选择	Zaznaczenie	Výběr
la_diff_added	Diff Added	Додано в diff	Добавлено в diff	Diff añadido	Diff aggiunto	Diff Hinzugefügt	Diff 추가	Diff toegevoegd	Diff ajouté	Diff adicionado	Diff 已新增	Diff 已添加	Diff dodane	Diff přidáno
la_diff_deleted	Diff Deleted	Видалено в diff	Удалено в diff	Diff eliminado	Diff eliminato	Diff Gelöscht	Diff 삭제	Diff verwijderd	Diff supprimé	Diff removido	Diff 已刪除	Diff 已删除	Diff usunięte	Diff smazáno
la_fonts	Fonts	Шрифти	Шрифты	Fuentes	Font	Schriftarten	글꼴	Lettertypen	Polices	Fontes	字型	字体	Czcionki	Písma
la_diff_font	Diff font	Шрифт diff	Шрифт diff	Fuente de diff	Font diff	Diff-Schriftart	Diff 글꼴	Diff-lettertype	Police de diff	Fonte de diff	Diff 字型	Diff 字体	Czcionka diff	Písmo diff
la_ui_font	UI font	Шрифт інтерфейсу	Шрифт интерфейса	Fuente de UI	Font UI	UI-Schriftart	UI 글꼴	UI-lettertype	Police UI	Fonte da UI	UI 字型	UI 字体	Czcionka UI	Písmo UI
la_ssh	SSH	SSH	SSH	SSH	SSH	SSH	SSH	SSH	SSH	SSH	SSH	SSH	SSH	SSH
la_ssh_key	SSH Key	Ключ SSH	Ключ SSH	Clave SSH	Chiave SSH	SSH-Schlüssel	SSH 키	SSH-sleutel	Clé SSH	Chave SSH	SSH 金鑰	SSH 密钥	Klucz SSH	SSH klíč
la_ssh_client	SSH Client	Клієнт SSH	Клиент SSH	Cliente SSH	Client SSH	SSH-Client	SSH 클라이언트	SSH-client	Client SSH	Cliente SSH	SSH 用戶端	SSH 客户端	Klient SSH	SSH klient
la_auto_start_ssh	Auto-start SSH agent	Автозапуск SSH агента	Автозапуск SSH агента	Iniciar automáticamente agente SSH	Avvia automaticamente agente SSH	SSH-Agent automatisch starten	SSH 에이전트 자동 시작	SSH-agent automatisch starten	Démarrer automatiquement l'agent SSH	Iniciar agente SSH automaticamente	自動啟動 SSH 代理	自动启动 SSH 代理	Autostart agenta SSH	Automaticky spustit SSH agenta
la_https_credentials	HTTPS Credentials	Облікові дані HTTPS	Учётные данные HTTPS	Credenciales HTTPS	Credenziali HTTPS	HTTPS-Anmeldedaten	HTTPS 자격 증명	HTTPS-referenties	Identifiants HTTPS	Credenciais HTTPS	HTTPS 認證	HTTPS 凭据	Poświadczenia HTTPS	HTTPS přihlašovací údaje
la_use_cred_manager	Use Git Credential Manager	Використовувати менеджер облікових даних Git	Использовать менеджер учётных данных Git	Usar administrador de credenciales de Git	Usa Git Credential Manager	Git Credential Manager verwenden	Git 자격 증명 관리자 사용	Gebruik Git Credential Manager	Utiliser Git Credential Manager	Usar Git Credential Manager	使用 Git 認證管理員	使用 Git 凭据管理器	Użyj Git Credential Manager	Použít Git Credential Manager
la_default_username	Default username	Типове ім'я користувача	Имя пользователя по умолчанию	Nombre de usuario predeterminado	Nome utente predefinito	Standard-Benutzername	기본 사용자 이름	Standaard gebruikersnaam	Nom d'utilisateur par défaut	Nome de usuário padrão	預設使用者名稱	默认用户名	Domyślna nazwa użytkownika	Výchozí uživatelské jméno
la_default_password	Default password/token	Типовий пароль/токен	Пароль/токен по умолчанию	Contraseña/token predeterminado	Password/token predefinito	Standard-Passwort/Token	기본 비밀번호/토큰	Standaard wachtwoord/token	Mot de passe/token par défaut	Senha/token padrão	預設密碼/權杖	默认密码/令牌	Domyślne hasło/token	Výchozí heslo/token
la_open_repo	Open Repository...	Відкрити репозиторій...	Открыть репозиторий...	Abrir repositorio...	Apri repository...	Repository öffnen...	저장소 열기...	Repository openen...	Ouvrir le dépôt...	Abrir repositório...	開啟儲存庫...	打开仓库...	Otwórz repozytorium...	Otevřít repozitář...
la_close_repo	Close Repository	Закрити репозиторій	Закрыть репозиторий	Cerrar repositorio	Chiudi repository	Repository schließen	저장소 닫기	Repository sluiten	Fermer le dépôt	Fechar repositório	關閉儲存庫	关闭仓库	Zamknij repozytorium	Zavřít repozitář
la_exit	Exit	Вийти	Выход	Salir	Esci	Beenden	종료	Afsluiten	Quitter	Sair	結束	退出	Wyjście	Ukončit
la_edit	Edit	Редагувати	Редактировать	Editar	Modifica	Bearbeiten	편집	Bewerken	Éditer	Editar	編輯	编辑	Edytuj	Upravit
la_view	View	Вигляд	Вид	Ver	Vista	Ansicht	보기	Weergave	Affichage	Exibir	檢視	视图	Widok	Zobrazit
la_file_status	File Status	Стан файлів	Состояние файлов	Estado de archivos	Stato file	Dateistatus	파일 상태	Bestandsstatus	État des fichiers	Status dos arquivos	檔案狀態	文件状态	Status plików	Stav souborů
la_repository	Repository	Репозиторій	Репозиторий	Repositorio	Repository	Repository	저장소	Repository	Dépôt	Repositório	儲存庫	仓库	Repozytorium	Repozitář
la_actions	Actions	Дії	Действия	Acciones	Azioni	Aktionen	작업	Acties	Actions	Ações	動作	操作	Akcje	Akce
la_stage_selected	Stage Selected	Підготувати вибране	Подготовить выбранное	Preparar seleccionados	Stage selezionati	Ausgewählte stagen	선택 항목 스테이지	Stage geselecteerde	Indexer sélectionnés	Preparar selecionados	暫存選取項目	暂存选中	Przygotuj wybrane	Připravit vybrané
la_unstage_selected	Unstage Selected	Скасувати підготовку вибраного	Отменить подготовку выбранного	Deshacer preparación de seleccionados	Unstage selezionati	Ausgewählte unstagen	선택 항목 언스테이지	Unstage geselecteerde	Désindexer sélectionnés	Desfazer preparação dos selecionados	取消暫存選取項目	取消暂存选中	Cofnij przygotowanie wybranych	Zrušit přípravu vybraných
la_discard_changes	Discard Changes	Скасувати зміни	Отменить изменения	Descartar cambios	Annulla modifiche	Änderungen verwerfen	변경 사항 취소	Wijzigingen negeren	Annuler les modifications	Descartar alterações	捨棄變更	放弃更改	Odrzuć zmiany	Zahodit změny
la_help	Help	Допомога	Справка	Ayuda	Aiuto	Hilfe	도움말	Help	Aide	Ajuda	說明	帮助	Pomoc	Nápověda
la_about	About	Про програму	О программе	Acerca de	Informazioni	Über	정보	Over	À propos	Sobre	關於	关于	O programie	O aplikaci
la_workspace	WORKSPACE	РОБОЧИЙ ПРОСТІР	РАБОЧЕЕ ПРОСТРАНСТВО	ESPACIO DE TRABAJO	WORKSPACE	ARBEITSBEREICH	워크스페이스	WERKRUIMTE	ESPACE DE TRAVAIL	ÁREA DE TRABALHO	工作區	工作区	OBSZAR ROBOCZY	PRACOVNÍ PROSTOR
la_branches	BRANCHES	ГІЛКИ	ВЕТКИ	RAMAS	RAMI	BRANCHES	브랜치	BRANCHES	BRANCHES	BRANCHES	分支	分支	GAŁĘZIE	VĚTVE
la_search	Search	Пошук	Поиск	Buscar	Cerca	Suchen	검색	Zoeken	Rechercher	Pesquisar	搜尋	搜索	Szukaj	Hledat
la_unstaged_files	Unstaged Files	Непідготовлені файли	Неподготовленные файлы	Archivos sin preparar	File non staged	Nicht gestagte Dateien	스테이지되지 않은 파일	Niet-gestagede bestanden	Fichiers non indexés	Arquivos não preparados	未暫存的檔案	未暂存的文件	Nieetapowane pliki	Nepřipravené soubory
la_staged_files	Staged Files	Підготовлені файли	Подготовленные файлы	Archivos preparados	File staged	Gestagte Dateien	스테이지된 파일	Gestagede bestanden	Fichiers indexés	Arquivos preparados	已暫存的檔案	已暂存的文件	Etapowane pliki	Připravené soubory
la_stage_all	Stage All	Підготувати все	Подготовить всё	Preparar todo	Stage tutti	Alle stagen	모두 스테이지	Stage alle	Indexer tout	Preparar tudo	全部暫存	全部暂存	Przygotuj wszystko	Připravit vše
la_unstage_all	Unstage All	Скасувати підготовку всього	Отменить подготовку всего	Deshacer preparación de todo	Unstage tutti	Alle unstagen	모두 언스테이지	Unstage alle	Désindexer tout	Desfazer preparação de tudo	全部取消暫存	全部取消暂存	Cofnij przygotowanie wszystkiego	Zrušit přípravu všeho
la_diff	Diff	Diff	Diff	Diff	Diff	Diff	Diff	Diff	Diff	Diff	差異	差异	Diff	Diff
la_commit_details	Commit Details	Деталі коміту	Детали коммита	Detalles del commit	Dettagli commit	Commit-Details	커밋 세부 정보	Commit-details	Détails du commit	Detalhes do commit	提交詳情	提交详情	Szczegóły commita	Detaily commitu
la_changes	Changes	Зміни	Изменения	Cambios	Modifiche	Änderungen	변경 사항	Wijzigingen	Modifications	Alterações	變更	更改	Zmiany	Změny
la_no_repo_open	No repository open	Репозиторій не відкрито	Репозиторий не открыт	No hay repositorio abierto	Nessun repository aperto	Kein Repository geöffnet	열린 저장소 없음	Geen repository geopend	Aucun dépôt ouvert	Nenhum repositório aberto	未開啟儲存庫	未打开仓库	Brak otwartego repozytorium	Žádný otevřený repozitář
la_committed_success	Committed successfully	Успішно закомічено	Успешно закоммичено	Commit exitoso	Commit eseguito con successo	Erfolgreich committed	커밋 성공	Succesvol gecommit	Commit réussi	Commit realizado com sucesso	提交成功	提交成功	Zatwierdzono pomyślnie	Úspěšně odesláno
la_fetch_complete	Fetch complete	Завантаження завершено	Загрузка завершена	Fetch completado	Fetch completato	Fetch abgeschlossen	가져오기 완료	Fetch voltooid	Récupération terminée	Fetch concluído	擷取完成	获取完成	Pobieranie zakończone	Načítání dokončeno
la_pull_complete	Pull complete	Отримання завершено	Получение завершено	Pull completado	Pull completato	Pull abgeschlossen	풀 완료	Pull voltooid	Pull terminé	Pull concluído	拉取完成	拉取完成	Pobieranie zakończone	Stahování dokončeno
la_push_complete	Push complete	Відправлення завершено	Отправка завершена	Push completado	Push completato	Push abgeschlossen	푸시 완료	Push voltooid	Push terminé	Push concluído	推送完成	推送完成	Wypychanie zakończone	Odesílání dokončeno
la_cannot_commit	Cannot Commit	Неможливо закомітити	Невозможно закоммитить	No se puede hacer commit	Impossibile fare commit	Commit nicht möglich	커밋할 수 없음	Kan niet committen	Impossible de faire un commit	Não é possível fazer commit	無法提交	无法提交	Nie można zatwierdzić	Nelze odeslat
la_enter_commit_msg	Please enter a commit message.	Будь ласка, введіть повідомлення коміту.	Пожалуйста, введите сообщение коммита.	Por favor, ingrese un mensaje de commit.	Inserisci un messaggio di commit.	Bitte geben Sie eine Commit-Nachricht ein.	커밋 메시지를 입력하세요.	Voer een commit-bericht in.	Veuillez entrer un message de commit.	Por favor, digite uma mensagem de commit.	請輸入提交訊息。	请输入提交消息。	Proszę wpisać wiadomość commita.	Zadejte prosím zprávu commitu.
la_no_staged_files	No files are staged for commit.	Немає файлів для коміту.	Нет файлов для коммита.	No hay archivos preparados para commit.	Nessun file è in stage per il commit.	Keine Dateien zum Committen gestaged.	커밋할 스테이지된 파일이 없습니다.	Geen bestanden gestaged voor commit.	Aucun fichier indexé pour le commit.	Nenhum arquivo preparado para commit.	沒有檔案已暫存以供提交。	没有文件已暂存以供提交。	Brak plików przygotowanych do commita.	Žádné soubory nejsou připraveny k odeslání.
la_select_repo_folder	Select Repository Folder	Виберіть папку репозиторію	Выберите папку репозитория	Seleccionar carpeta del repositorio	Seleziona cartella repository	Repository-Ordner auswählen	저장소 폴더 선택	Selecteer repository-map	Sélectionner le dossier du dépôt	Selecionar pasta do repositório	選擇儲存庫資料夾	选择仓库文件夹	Wybierz folder repozytorium	Vyberte složku repozitáře
la_create_branch	Create New Branch	Створити нову гілку	Создать новую ветку	Crear nueva rama	Crea nuovo ramo	Neuen Branch erstellen	새 브랜치 만들기	Nieuwe branch maken	Créer une nouvelle branche	Criar novo branch	建立新分支	创建新分支	Utwórz nową gałąź	Vytvořit novou větev
la_branch_name	Branch name	Назва гілки	Название ветки	Nombre de la rama	Nome del ramo	Branch-Name	브랜치 이름	Branch-naam	Nom de la branche	Nome do branch	分支名稱	分支名称	Nazwa gałęzi	Název větve
la_create	Create	Створити	Создать	Crear	Crea	Erstellen	만들기	Maken	Créer	Criar	建立	创建	Utwórz	Vytvořit
la_git_not_found	Git Not Found	Git не знайдено	Git не найден	Git no encontrado	Git non trovato	Git nicht gefunden	Git를 찾을 수 없음	Git niet gevonden	Git non trouvé	Git não encontrado	找不到 Git	未找到 Git	Nie znaleziono Git	Git nenalezen
la_git_not_in_path	Git executable was not found in your PATH.	Виконуваний файл Git не знайдено в PATH.	Исполняемый файл Git не найден в PATH.	El ejecutable de Git no se encontró en su PATH.	L'eseguibile Git non è stato trovato nel PATH.	Git-Programm wurde nicht im PATH gefunden.	PATH에서 Git 실행 파일을 찾을 수 없습니다.	Git-programma niet gevonden in uw PATH.	L'exécutable Git n'a pas été trouvé dans votre PATH.	O executável Git não foi encontrado no seu PATH.	在您的 PATH 中找不到 Git 執行檔。	在您的 PATH 中未找到 Git 可执行文件。	Nie znaleziono pliku wykonywalnego Git w PATH.	Spustitelný soubor Git nebyl nalezen ve vašem PATH.
la_install_git	Please install Git or specify the path to git.exe:	Будь ласка, встановіть Git або вкажіть шлях до git.exe:	Пожалуйста, установите Git или укажите путь к git.exe:	Por favor, instale Git o especifique la ruta a git.exe:	Installa Git o specifica il percorso di git.exe:	Bitte installieren Sie Git oder geben Sie den Pfad zu git.exe an:	Git를 설치하거나 git.exe 경로를 지정하세요:	Installeer Git of geef het pad naar git.exe op:	Veuillez installer Git ou spécifier le chemin vers git.exe:	Instale o Git ou especifique o caminho para git.exe:	請安裝 Git 或指定 git.exe 的路徑：	请安装 Git 或指定 git.exe 的路径：	Zainstaluj Git lub podaj ścieżkę do git.exe:	Nainstalujte Git nebo zadejte cestu k git.exe:
la_browse	Browse...	Огляд...	Обзор...	Examinar...	Sfoglia...	Durchsuchen...	찾아보기...	Bladeren...	Parcourir...	Procurar...	瀏覽...	浏览...	Przeglądaj...	Procházet...
la_select_git_exe	Select Git Executable	Виберіть виконуваний файл Git	Выберите исполняемый файл Git	Seleccionar ejecutable de Git	Seleziona eseguibile Git	Git-Programm auswählen	Git 실행 파일 선택	Selecteer Git-programma	Sélectionner l'exécutable Git	Selecionar executável Git	選擇 Git 執行檔	选择 Git 可执行文件	Wybierz plik wykonywalny Git	Vyberte spustitelný soubor Git
la_select_ignore_file	Select Global Ignore File	Виберіть файл глобального ігнорування	Выберите файл глобального игнорирования	Seleccionar archivo de ignorar global	Seleziona file ignora globale	Globale Ignore-Datei auswählen	전역 무시 파일 선택	Selecteer globaal negeerbestand	Sélectionner le fichier d'ignorer global	Selecionar arquivo de ignorar global	選擇全域忽略檔案	选择全局忽略文件	Wybierz plik globalnego ignorowania	Vyberte soubor globálního ignorování
la_select_ssh_key	Select SSH Key	Виберіть ключ SSH	Выберите ключ SSH	Seleccionar clave SSH	Seleziona chiave SSH	SSH-Schlüssel auswählen	SSH 키 선택	Selecteer SSH-sleutel	Sélectionner la clé SSH	Selecionar chave SSH	選擇 SSH 金鑰	选择 SSH 密钥	Wybierz klucz SSH	Vyberte SSH klíč
la_invalid_repo	Invalid Repository	Недійсний репозиторій	Недействительный репозиторий	Repositorio inválido	Repository non valido	Ungültiges Repository	잘못된 저장소	Ongeldige repository	Dépôt invalide	Repositório inválido	無效的儲存庫	无效的仓库	Nieprawidłowe repozytorium	Neplatný repozitář
la_not_git_repo	is not a Git repository.	не є Git репозиторієм.	не является Git репозиторием.	no es un repositorio Git.	non è un repository Git.	ist kein Git-Repository.	은(는) Git 저장소가 아닙니다.	is geen Git-repository.	n'est pas un dépôt Git.	não é um repositório Git.	不是 Git 儲存庫。	不是 Git 仓库。	nie jest repozytorium Git.	není Git repozitář.
la_status_error	Status Error	Помилка статусу	Ошибка статуса	Error de estado	Errore stato	Statusfehler	상태 오류	Statusfout	Erreur de statut	Erro de status	狀態錯誤	状态错误	Błąd statusu	Chyba stavu
la_failed_get_status	Failed to get repository status.	Не вдалося отримати статус репозиторію.	Не удалось получить статус репозитория.	Error al obtener el estado del repositorio.	Impossibile ottenere lo stato del repository.	Repository-Status konnte nicht abgerufen werden.	저장소 상태를 가져오지 못했습니다.	Kon repositorystatus niet ophalen.	Échec de l'obtention du statut du dépôt.	Falha ao obter status do repositório.	無法取得儲存庫狀態。	无法获取仓库状态。	Nie udało się pobrać statusu repozytorium.	Nepodařilo se získat stav repozitáře.
la_stage_error	Stage Error	Помилка підготовки	Ошибка подготовки	Error al preparar	Errore stage	Stage-Fehler	스테이지 오류	Stage-fout	Erreur d'indexation	Erro ao preparar	暫存錯誤	暂存错误	Błąd etapowania	Chyba přípravy
la_failed_stage	Failed to stage files.	Не вдалося підготувати файли.	Не удалось подготовить файлы.	Error al preparar archivos.	Impossibile mettere in stage i file.	Dateien konnten nicht gestaged werden.	파일을 스테이지하지 못했습니다.	Kon bestanden niet stagen.	Échec de l'indexation des fichiers.	Falha ao preparar arquivos.	無法暫存檔案。	无法暂存文件。	Nie udało się przygotować plików.	Nepodařilo se připravit soubory.
la_unstage_error	Unstage Error	Помилка скасування підготовки	Ошибка отмены подготовки	Error al deshacer preparación	Errore unstage	Unstage-Fehler	언스테이지 오류	Unstage-fout	Erreur de désindexation	Erro ao desfazer preparação	取消暫存錯誤	取消暂存错误	Błąd cofnięcia etapowania	Chyba zrušení přípravy
la_failed_unstage	Failed to unstage files.	Не вдалося скасувати підготовку файлів.	Не удалось отменить подготовку файлов.	Error al deshacer la preparación de archivos.	Impossibile togliere dallo stage i file.	Dateien konnten nicht ungestaged werden.	파일 언스테이지에 실패했습니다.	Kon bestanden niet unstagen.	Échec de la désindexation des fichiers.	Falha ao desfazer preparação dos arquivos.	無法取消暫存檔案。	无法取消暂存文件。	Nie udało się cofnąć przygotowania plików.	Nepodařilo se zrušit přípravu souborů.
la_discard_error	Discard Error	Помилка скасування	Ошибка отмены	Error al descartar	Errore annullamento	Verwerfen-Fehler	취소 오류	Negeren-fout	Erreur d'annulation	Erro ao descartar	捨棄錯誤	放弃错误	Błąd odrzucenia	Chyba zahození
la_failed_discard	Failed to discard changes.	Не вдалося скасувати зміни.	Не удалось отменить изменения.	Error al descartar cambios.	Impossibile annullare le modifiche.	Änderungen konnten nicht verworfen werden.	변경 사항을 취소하지 못했습니다.	Kon wijzigingen niet negeren.	Échec de l'annulation des modifications.	Falha ao descartar alterações.	無法捨棄變更。	无法放弃更改。	Nie udało się odrzucić zmian.	Nepodařilo se zahodit změny.
la_commit_error	Commit Error	Помилка коміту	Ошибка коммита	Error de commit	Errore commit	Commit-Fehler	커밋 오류	Commit-fout	Erreur de commit	Erro de commit	提交錯誤	提交错误	Błąd commita	Chyba commitu
la_failed_commit	Failed to commit changes.	Не вдалося закомітити зміни.	Не удалось закоммитить изменения.	Error al hacer commit de los cambios.	Impossibile fare commit delle modifiche.	Änderungen konnten nicht committed werden.	변경 사항을 커밋하지 못했습니다.	Kon wijzigingen niet committen.	Échec du commit des modifications.	Falha ao fazer commit das alterações.	無法提交變更。	无法提交更改。	Nie udało się zatwierdzić zmian.	Nepodařilo se odeslat změny.
la_checkout_error	Checkout Error	Помилка переключення	Ошибка переключения	Error de checkout	Errore checkout	Checkout-Fehler	체크아웃 오류	Checkout-fout	Erreur de checkout	Erro de checkout	簽出錯誤	检出错误	Błąd checkout	Chyba checkout
la_failed_checkout	Failed to checkout branch.	Не вдалося переключитися на гілку.	Не удалось переключиться на ветку.	Error al hacer checkout de la rama.	Impossibile fare checkout del ramo.	Branch konnte nicht ausgecheckt werden.	브랜치를 체크아웃하지 못했습니다.	Kon branch niet uitchecken.	Échec du checkout de la branche.	Falha ao fazer checkout do branch.	無法簽出分支。	无法检出分支。	Nie udało się przełączyć na gałąź.	Nepodařilo se přepnout větev.
la_branch_error	Branch Error	Помилка гілки	Ошибка ветки	Error de rama	Errore ramo	Branch-Fehler	브랜치 오류	Branch-fout	Erreur de branche	Erro de branch	分支錯誤	分支错误	Błąd gałęzi	Chyba větve
la_failed_create_branch	Failed to create branch.	Не вдалося створити гілку.	Не удалось создать ветку.	Error al crear la rama.	Impossibile creare il ramo.	Branch konnte nicht erstellt werden.	브랜치를 만들지 못했습니다.	Kon branch niet maken.	Échec de la création de la branche.	Falha ao criar branch.	無法建立分支。	无法创建分支。	Nie udało się utworzyć gałęzi.	Nepodařilo se vytvořit větev.
la_fetch_error	Fetch Error	Помилка завантаження	Ошибка загрузки	Error de fetch	Errore fetch	Fetch-Fehler	가져오기 오류	Fetch-fout	Erreur de récupération	Erro de fetch	擷取錯誤	获取错误	Błąd pobierania	Chyba načítání
la_failed_fetch	Failed to fetch from remote.	Не вдалося завантажити з віддаленого репо.	Не удалось загрузить с удалённого репо.	Error al obtener desde el remoto.	Impossibile recuperare dal remoto.	Fetch vom Remote fehlgeschlagen.	원격에서 가져오지 못했습니다.	Kon niet fetchen van remote.	Échec de la récupération depuis le distant.	Falha ao buscar do remoto.	無法從遠端擷取。	无法从远程获取。	Nie udało się pobrać ze zdalnego.	Nepodařilo se načíst ze vzdáleného.
la_pull_error	Pull Error	Помилка отримання	Ошибка получения	Error de pull	Errore pull	Pull-Fehler	풀 오류	Pull-fout	Erreur de pull	Erro de pull	拉取錯誤	拉取错误	Błąd pobierania	Chyba stahování
la_failed_pull	Failed to pull from remote.	Не вдалося отримати з віддаленого репо.	Не удалось получить с удалённого репо.	Error al hacer pull desde el remoto.	Impossibile fare pull dal remoto.	Pull vom Remote fehlgeschlagen.	원격에서 풀하지 못했습니다.	Kon niet pullen van remote.	Échec du pull depuis le distant.	Falha ao puxar do remoto.	無法從遠端拉取。	无法从远程拉取。	Nie udało się pobrać ze zdalnego.	Nepodařilo se stáhnout ze vzdáleného.
la_push_error	Push Error	Помилка відправлення	Ошибка отправки	Error de push	Errore push	Push-Fehler	푸시 오류	Push-fout	Erreur de push	Erro de push	推送錯誤	推送错误	Błąd wypychania	Chyba odesílání
la_failed_push	Failed to push to remote.	Не вдалося відправити на віддалений репо.	Не удалось отправить на удалённый репо.	Error al hacer push al remoto.	Impossibile fare push al remoto.	Push zum Remote fehlgeschlagen.	원격으로 푸시하지 못했습니다.	Kon niet pushen naar remote.	Échec du push vers le distant.	Falha ao enviar para o remoto.	無法推送至遠端。	无法推送到远程。	Nie udało się wypchnąć do zdalnego.	Nepodařilo se odeslat na vzdálený.
la_confirm_discard	Discard changes in {0} file(s)?	Скасувати зміни в {0} файлі(ах)?	Отменить изменения в {0} файле(ах)?	¿Descartar cambios en {0} archivo(s)?	Annullare le modifiche in {0} file?	Änderungen in {0} Datei(en) verwerfen?	{0}개 파일의 변경 사항을 취소하시겠습니까?	Wijzigingen in {0} bestand(en) negeren?	Annuler les modifications dans {0} fichier(s)?	Descartar alterações em {0} arquivo(s)?	捨棄 {0} 個檔案的變更？	放弃 {0} 个文件的更改？	Odrzucić zmiany w {0} pliku(ach)?	Zahodit změny v {0} souboru(ech)?
la_cannot_undo	This cannot be undone!	Цю дію не можна скасувати!	Это действие нельзя отменить!	¡Esto no se puede deshacer!	Questa azione non può essere annullata!	Dies kann nicht rückgängig gemacht werden!	이 작업은 취소할 수 없습니다!	Dit kan niet ongedaan worden gemaakt!	Cette action est irréversible!	Esta ação não pode ser desfeita!	此操作無法復原！	此操作无法撤消！	Tej operacji nie można cofnąć!	Tuto akci nelze vrátit zpět!
la_about_opentree	About OpenTree	Про OpenTree	Об OpenTree	Acerca de OpenTree	Informazioni su OpenTree	Über OpenTree	OpenTree 정보	Over OpenTree	À propos d'OpenTree	Sobre o OpenTree	關於 OpenTree	关于 OpenTree	O OpenTree	O aplikaci OpenTree
la_version	Version	Версія	Версия	Versión	Versione	Version	버전	Versie	Version	Versão	版本	版本	Wersja	Verze
la_lightweight_git	A lightweight cross-platform Git GUI built with Python and Tkinter.	Легкий крос-платформний Git GUI, створений на Python і Tkinter.	Лёгкий кроссплатформенный Git GUI на Python и Tkinter.	Una GUI de Git ligera y multiplataforma construida con Python y Tkinter.	Una GUI Git leggera e multipiattaforma costruita con Python e Tkinter.	Eine leichtgewichtige plattformübergreifende Git-GUI mit Python und Tkinter.	Python과 Tkinter로 만든 가벼운 크로스 플랫폼 Git GUI.	Een lichtgewicht cross-platform Git GUI gebouwd met Python en Tkinter.	Une interface Git légère et multiplateforme construite avec Python et Tkinter.	Uma GUI Git leve e multiplataforma construída com Python e Tkinter.	使用 Python 和 Tkinter 構建的輕量級跨平台 Git GUI。	使用 Python 和 Tkinter 构建的轻量级跨平台 Git GUI。	Lekki wieloplatformowy interfejs Git zbudowany w Pythonie i Tkinter.	Lehké multiplatformní Git GUI postavené s Pythonem a Tkinter.
la_contributors	OpenTree Contributors	Учасники OpenTree	Участники OpenTree	Colaboradores de OpenTree	Contributori di OpenTree	OpenTree-Mitwirkende	OpenTree 기여자	OpenTree-bijdragers	Contributeurs OpenTree	Colaboradores do OpenTree	OpenTree 貢獻者	OpenTree 贡献者	Współtwórcy OpenTree	Přispěvatelé OpenTree
la_git_commands	Git Commands	Команди Git	Команды Git	Comandos Git	Comandi Git	Git-Befehle	Git 명령어	Git-opdrachten	Commandes Git	Comandos Git	Git 命令	Git 命令	Polecenia Git	Git příkazy
la_git_commands_info	Customize git command templates. Use placeholders for dynamic values.	Налаштуйте шаблони команд git. Використовуйте заповнювачі.	Настройте шаблоны команд git. Используйте заполнители.	Personaliza las plantillas de comandos git.	Personalizza i modelli di comandi git.	Git-Befehlsvorlagen anpassen.	git 명령어 템플릿을 사용자 정의합니다.	Pas git-opdrachtsjablonen aan.	Personnalisez les modèles de commandes git.	Personalize os modelos de comandos git.	自訂 git 命令範本。	自定义 git 命令模板。	Dostosuj szablony poleceń git.	Přizpůsobte šablony příkazů git.
la_common_flags	Common Flags	Загальні прапорці	Общие флаги	Banderas comunes	Flag comuni	Allgemeine Flags	공통 플래그	Gemeenschappelijke vlaggen	Drapeaux communs	Flags comuns	通用標誌	通用标志	Wspólne flagi	Společné příznaky
la_flags	Flags	Прапорці	Флаги	Banderas	Flag	Flags	플래그	Vlaggen	Drapeaux	Flags	標誌	标志	Flagi	Příznaky
la_command_templates	Command Templates	Шаблони команд	Шаблоны команд	Plantillas de comandos	Modelli di comandi	Befehlsvorlagen	명령어 템플릿	Opdrachtsjablonen	Modèles de commandes	Modelos de comandos	命令範本	命令模板	Szablony poleceń	Šablony příkazů
la_reset_defaults	Reset to Defaults	Скинути до типових	Сбросить по умолчанию	Restablecer valores	Ripristina predefiniti	Auf Standard zurücksetzen	기본값으로 재설정	Herstellen naar standaard	Réinitialiser par défaut	Restaurar padrões	重設為預設值	重置为默认值	Przywróć domyślne	Obnovit výchozí
la_show_full_output	Show Full Output	Показати повний вивід	Показать полный вывод	Mostrar salida completa	Mostra output completo	Vollständige Ausgabe anzeigen	전체 출력 표시	Toon volledige uitvoer	Afficher la sortie complète	Mostrar saída completa	顯示完整輸出	显示完整输出	Pokaż pełne wyjście	Zobrazit celý výstup
la_completed_with_errors	Completed with errors, see above.	Завершено з помилками, див. вище.	Завершено с ошибками, см. выше.	Completado con errores, ver arriba.	Completato con errori, vedi sopra.	Mit Fehlern abgeschlossen, siehe oben.	오류와 함께 완료됨, 위 참조.	Voltooid met fouten, zie hierboven.	Terminé avec des erreurs, voir ci-dessus.	Concluído com erros, veja acima.	完成但有錯誤，請見上方。	完成但有错误，请见上方。	Zakończono z błędami, patrz wyżej.	Dokončeno s chybami, viz výše.
la_running	Running...	Виконується...	Выполняется...	Ejecutando...	In esecuzione...	Wird ausgeführt...	실행 중...	Bezig...	En cours...	Executando...	執行中...	执行中...	Uruchamianie...	Probíhá...
la_domain_credentials	Domain Credentials	Облікові дані домену	Учетные данные домена	Credenciales de dominio	Credenziali dominio	Domain-Zugangsdaten	도메인 자격 증명	Domein-inloggegevens	Identifiants du domaine	Credenciais do domínio	網域憑證	域凭据	Dane logowania domeny	Přihlašovací údaje domény
la_domain	Domain	Домен	Домен	Dominio	Dominio	Domäne	도메인	Domein	Domaine	Domínio	網域	域名	Domena	Doména
la_username	Username	Ім'я користувача	Имя пользователя	Usuario	Nome utente	Benutzername	사용자명	Gebruikersnaam	Nom d'utilisateur	Usuário	使用者名稱	用户名	Nazwa użytkownika	Uživatelské jméno
la_password	Password	Пароль	Пароль	Contraseña	Password	Passwort	비밀번호	Wachtwoord	Mot de passe	Senha	密碼	密码	Hasło	Heslo
la_auth_type	Auth Type	Тип автентифікації	Тип аутентификации	Tipo de autenticación	Tipo autenticazione	Auth-Typ	인증 유형	Auth-type	Type d'auth.	Tipo de auth.	驗證類型	认证类型	Typ uwierzytelniania	Typ ověření
la_add	Add	Додати	Добавить	Agregar	Aggiungi	Hinzufügen	추가	Toevoegen	Ajouter	Adicionar	新增	添加	Dodaj	Přidat
la_edit	Edit	Редагувати	Редактировать	Editar	Modifica	Bearbeiten	편집	Bewerken	Modifier	Editar	編輯	编辑	Edytuj	Upravit
la_remove	Remove	Видалити	Удалить	Eliminar	Rimuovi	Entfernen	제거	Verwijderen	Supprimer	Remover	移除	删除	Usuń	Odstranit
la_add_credential	Add Credential	Додати обліковий запис	Добавить учетные данные	Agregar credencial	Aggiungi credenziale	Zugangsdaten hinzufügen	자격 증명 추가	Inloggegevens toevoegen	Ajouter identifiant	Adicionar credencial	新增憑證	添加凭据	Dodaj dane uwierzytelniające	Přidat přihlašovací údaje
la_edit_credential	Edit Credential	Редагувати обліковий запис	Редактировать учетные данные	Editar credencial	Modifica credenziale	Zugangsdaten bearbeiten	자격 증명 편집	Inloggegevens bewerken	Modifier identifiant	Editar credencial	編輯憑證	编辑凭据	Edytuj dane uwierzytelniające	Upravit přihlašovací údaje
la_select_ssh_key	Select SSH Key	Виберіть SSH ключ	Выберите SSH ключ	Seleccionar clave SSH	Seleziona chiave SSH	SSH-Schlüssel auswählen	SSH 키 선택	SSH-sleutel selecteren	Sélectionner la clé SSH	Selecionar chave SSH	選擇 SSH 金鑰	选择 SSH 密钥	Wybierz klucz SSH	Vybrat klíč SSH
la_save	Save	Зберегти	Сохранить	Guardar	Salva	Speichern	저장	Opslaan	Enregistrer	Salvar	儲存	保存	Zapisz	Uložit
